id,first_name,last_name,email,gender,ip_address
1,Kimberly,Johnson,kjohnson0@cloudflare.com,Female,24.139.191.235
2,Victor,Morris,vmorris1@elegantthemes.com,Male,203.224.183.62
3,Lori,Bryant,lbryant2@unicef.org,Female,79.118.12.199
4,Brian,Holmes,bholmes3@is.gd,Male,189.193.107.155
5,Joseph,Lane,jlane4@google.com,Male,206.157.64.23
6,Juan,Rodriguez,jrodriguez5@bizjournals.com,Male,82.108.95.190
7,Jack,Simmons,jsimmons6@wikipedia.org,Male,157.181.232.46
8,Dennis,Hayes,dhayes7@psu.edu,Male,184.156.118.190
9,Catherine,Sims,csims8@list-manage.com,Female,83.235.205.29
10,Ruby,Knight,rknight9@smugmug.com,Female,200.230.70.140
11,Cynthia,Morrison,cmorrisona@berkeley.edu,Female,235.41.222.127
12,Mary,Bell,mbellb@printfriendly.com,Female,13.165.44.182
13,Lillian,Crawford,lcrawfordc@booking.com,Female,215.32.26.129
14,Wayne,Sanders,wsandersd@t-online.de,Male,11.111.114.39
15,Mary,Butler,mbutlere@sakura.ne.jp,Female,222.146.34.84
16,Judy,Wood,jwoodf@1und1.de,Female,42.130.225.190
17,Shawn,Edwards,sedwardsg@parallels.com,Male,243.213.204.252
18,Wanda,Nelson,wnelsonh@addthis.com,Female,227.51.11.41
19,Carolyn,Webb,cwebbi@amazon.com,Female,61.194.164.74
20,Lori,Phillips,lphillipsj@pagesperso-orange.fr,Female,172.56.206.100
21,Matthew,Woods,mwoodsk@mashable.com,Male,34.90.190.166
22,Jose,Reed,jreedl@sitemeter.com,Male,19.44.128.8
23,Douglas,Bell,dbellm@examiner.com,Male,52.53.216.179
24,Gary,Hudson,ghudsonn@tmall.com,Male,173.138.139.52
25,Peter,Wheeler,pwheelero@wisc.edu,Male,255.61.57.69
26,Diana,Ramos,dramosp@blinklist.com,Female,76.154.171.10
27,Albert,Gordon,agordonq@flavors.me,Male,63.183.142.204
28,Stephen,Cole,scoler@bloglines.com,Male,168.50.63.91
29,Joan,Walker,jwalkers@angelfire.com,Female,104.229.154.115
30,Sharon,Wright,swrightt@msu.edu,Female,177.201.231.148
31,Joshua,Snyder,jsnyderu@reference.com,Male,199.121.74.29
32,Donald,Riley,drileyv@washingtonpost.com,Male,143.1.94.245
33,Stephanie,Rose,srosew@newyorker.com,Female,243.28.236.197
34,Joseph,Palmer,jpalmerx@sphinn.com,Male,23.252.82.38
35,Ann,Russell,arusselly@elegantthemes.com,Female,22.238.119.176
36,Jennifer,Castillo,jcastilloz@arstechnica.com,Female,101.244.113.242
37,Jonathan,Bishop,jbishop10@sbwire.com,Male,196.209.46.144
38,Linda,Woods,lwoods11@bbc.co.uk,Female,82.130.153.63
39,Amanda,Sanders,asanders12@oaic.gov.au,Female,221.25.51.239
40,Teresa,Kim,tkim13@e-recht24.de,Female,30.28.141.222
41,Jennifer,Turner,jturner14@phpbb.com,Female,122.85.167.79
42,Louis,Evans,levans15@mapy.cz,Male,194.164.14.135
43,Michael,Mccoy,mmccoy16@mayoclinic.com,Male,64.175.125.249
44,Alice,Evans,aevans17@com.com,Female,58.37.207.112
45,Louise,Arnold,larnold18@tuttocitta.it,Female,57.162.85.207
46,Shawn,Butler,sbutler19@globo.com,Male,83.235.100.134
47,Sean,Morales,smorales1a@sogou.com,Male,151.15.26.209
48,Wanda,Roberts,wroberts1b@hc360.com,Female,165.83.196.105
49,Joseph,Boyd,jboyd1c@friendfeed.com,Male,84.117.222.227
50,Victor,Brooks,vbrooks1d@artisteer.com,Male,55.57.123.27
51,Antonio,Alvarez,aalvarez1e@livejournal.com,Male,57.234.186.163
52,Marie,Perkins,mperkins1f@creativecommons.org,Female,35.96.170.84
53,Andrea,Simmons,asimmons1g@chicagotribune.com,Female,184.228.27.205
54,Nicole,Ryan,nryan1h@tiny.cc,Female,27.102.71.255
55,Andrew,Campbell,acampbell1i@sbwire.com,Male,122.75.205.38
56,Eric,Perry,eperry1j@accuweather.com,Male,98.27.38.201
57,Paula,Morgan,pmorgan1k@utexas.edu,Female,115.34.25.76
58,Betty,West,bwest1l@meetup.com,Female,126.46.218.109
59,Lillian,Hall,lhall1m@wiley.com,Female,229.224.212.208
60,Ernest,Sanders,esanders1n@gmpg.org,Male,41.139.58.215
61,Jimmy,Butler,jbutler1o@walmart.com,Male,42.195.234.237
62,Angela,Walker,awalker1p@bandcamp.com,Female,188.214.128.219
63,Sean,James,sjames1q@un.org,Male,119.41.156.134
64,Richard,Mitchell,rmitchell1r@comsenz.com,Male,249.78.10.178
65,Ann,Mccoy,amccoy1s@networksolutions.com,Female,37.197.77.10
66,Annie,Morrison,amorrison1t@yellowbook.com,Female,126.200.193.52
67,Dorothy,Lopez,dlopez1u@scientificamerican.com,Female,198.229.249.126
68,Gerald,Howell,ghowell1v@msn.com,Male,124.197.53.66
69,Cynthia,Harvey,charvey1w@earthlink.net,Female,28.193.166.222
70,Stephen,Vasquez,svasquez1x@pagesperso-orange.fr,Male,84.18.118.160
71,Carol,Brooks,cbrooks1y@cornell.edu,Female,28.121.221.12
72,Arthur,Jacobs,ajacobs1z@yahoo.com,Male,201.62.60.41
73,Cynthia,Edwards,cedwards20@whitehouse.gov,Female,118.43.248.255
74,Nicholas,Grant,ngrant21@xrea.com,Male,234.142.239.195
75,Carolyn,Burton,cburton22@linkedin.com,Female,217.80.31.36
76,Jeremy,Robinson,jrobinson23@reuters.com,Male,49.22.102.183
77,Harold,Ramirez,hramirez24@guardian.co.uk,Male,188.247.234.46
78,Lillian,Russell,lrussell25@answers.com,Female,79.101.117.229
79,John,Matthews,jmatthews26@stumbleupon.com,Male,116.8.149.168
80,Bonnie,Carpenter,bcarpenter27@va.gov,Female,59.64.106.206
81,Peter,Cruz,pcruz28@biblegateway.com,Male,14.167.70.247
82,Rose,Mcdonald,rmcdonald29@google.com,Female,36.248.5.150
83,Carl,Wood,cwood2a@posterous.com,Male,215.17.178.130
84,Phyllis,Grant,pgrant2b@businessinsider.com,Female,226.236.184.181
85,Denise,White,dwhite2c@examiner.com,Female,169.23.48.243
86,Maria,Griffin,mgriffin2d@wikipedia.org,Female,100.27.48.126
87,Sara,Crawford,scrawford2e@fastcompany.com,Female,88.28.191.75
88,Heather,Watson,hwatson2f@quantcast.com,Female,172.149.199.117
89,Gary,Carr,gcarr2g@hexun.com,Male,168.219.212.57
90,Emily,Jordan,ejordan2h@redcross.org,Female,112.176.173.16
91,Samuel,Gordon,sgordon2i@xing.com,Male,109.102.73.214
92,Timothy,Coleman,tcoleman2j@toplist.cz,Male,65.144.104.52
93,Henry,Wilson,hwilson2k@yandex.ru,Male,150.141.186.97
94,Judith,Berry,jberry2l@webnode.com,Female,219.54.25.144
95,John,Bishop,jbishop2m@icio.us,Male,194.78.4.96
96,Martin,Payne,mpayne2n@hp.com,Male,216.140.65.189
97,Christopher,Hanson,chanson2o@foxnews.com,Male,89.150.176.198
98,Henry,Murray,hmurray2p@fema.gov,Male,1.184.35.15
99,Walter,Romero,wromero2q@bravesites.com,Male,69.146.198.1
100,Anne,Ford,aford2r@ed.gov,Female,250.166.81.32
101,Peter,Anderson,panderson2s@123-reg.co.uk,Male,240.15.44.247
102,Chris,Miller,cmiller2t@plala.or.jp,Male,249.47.73.246
103,Elizabeth,George,egeorge2u@hhs.gov,Female,144.52.28.109
104,Harold,King,hking2v@pinterest.com,Male,5.16.39.27
105,Christopher,Larson,clarson2w@dmoz.org,Male,32.150.155.245
106,Amy,Lewis,alewis2x@blogspot.com,Female,205.30.199.46
107,Cynthia,Reed,creed2y@sun.com,Female,26.105.144.78
108,Aaron,Tucker,atucker2z@bravesites.com,Male,74.43.156.7
109,Theresa,Berry,tberry30@china.com.cn,Female,41.183.99.178
110,Ralph,Johnson,rjohnson31@utexas.edu,Male,24.71.68.190
111,Janet,Peters,jpeters32@nationalgeographic.com,Female,241.167.116.213
112,Janice,Bailey,jbailey33@home.pl,Female,11.133.26.172
113,Carlos,Harper,charper34@prlog.org,Male,15.210.233.144
114,Kathleen,Williamson,kwilliamson35@patch.com,Female,129.77.246.31
115,David,Reed,dreed36@edublogs.org,Male,223.108.161.48
116,Wanda,Edwards,wedwards37@foxnews.com,Female,82.7.138.0
117,Kevin,Hayes,khayes38@rediff.com,Male,225.158.231.71
118,Harry,Dixon,hdixon39@yale.edu,Male,13.128.48.155
119,Jennifer,Palmer,jpalmer3a@g.co,Female,72.226.141.174
120,John,Morales,jmorales3b@businessweek.com,Male,214.98.99.24
121,Ruby,Cruz,rcruz3c@free.fr,Female,121.159.93.139
122,Nicholas,Moreno,nmoreno3d@wufoo.com,Male,61.200.42.113
123,Susan,Reyes,sreyes3e@google.nl,Female,169.178.101.156
124,Raymond,Lawson,rlawson3f@blogs.com,Male,5.139.121.92
125,Daniel,Matthews,dmatthews3g@bizjournals.com,Male,214.190.146.151
126,Howard,Tucker,htucker3h@webmd.com,Male,221.229.34.52
127,Betty,Butler,bbutler3i@github.com,Female,242.165.5.221
128,Terry,Morris,tmorris3j@seattletimes.com,Male,99.69.199.247
129,Lori,Castillo,lcastillo3k@weibo.com,Female,177.225.22.140
130,Henry,Diaz,hdiaz3l@cam.ac.uk,Male,46.215.162.29
131,Jimmy,Peterson,jpeterson3m@canalblog.com,Male,198.143.104.7
132,Dennis,Crawford,dcrawford3n@ftc.gov,Male,61.6.18.146
133,Johnny,Mendoza,jmendoza3o@pen.io,Male,103.17.132.65
134,Thomas,Taylor,ttaylor3p@blogs.com,Male,234.99.109.115
135,Cynthia,Mccoy,cmccoy3q@nymag.com,Female,91.184.19.127
136,Teresa,Snyder,tsnyder3r@bbb.org,Female,161.107.191.145
137,Clarence,Fuller,cfuller3s@tripod.com,Male,118.180.169.103
138,Jesse,Johnson,jjohnson3t@xinhuanet.com,Male,152.249.141.66
139,Shirley,Powell,spowell3u@bloglovin.com,Female,32.18.2.170
140,Martha,Rice,mrice3v@uol.com.br,Female,162.232.154.20
141,Willie,Roberts,wroberts3w@slate.com,Male,46.151.232.190
142,Mary,Moreno,mmoreno3x@oracle.com,Female,108.182.113.228
143,Margaret,Kim,mkim3y@mlb.com,Female,104.223.245.225
144,Dennis,Roberts,droberts3z@rakuten.co.jp,Male,17.102.124.210
145,Jeffrey,Banks,jbanks40@purevolume.com,Male,13.223.21.139
146,Melissa,Hill,mhill41@nytimes.com,Female,11.189.157.211
147,John,Welch,jwelch42@dot.gov,Male,94.116.189.248
148,Ashley,Graham,agraham43@comsenz.com,Female,112.97.12.234
149,Clarence,Johnston,cjohnston44@dailymail.co.uk,Male,142.33.77.73
150,Keith,Williamson,kwilliamson45@shutterfly.com,Male,146.171.64.79
151,Jose,Wood,jwood46@blogs.com,Male,128.18.62.177
152,Julie,Burns,jburns47@cbsnews.com,Female,204.186.204.254
153,Lisa,Hamilton,lhamilton48@techcrunch.com,Female,224.109.50.108
154,Jose,Phillips,jphillips49@japanpost.jp,Male,114.177.125.65
155,Samuel,Banks,sbanks4a@exblog.jp,Male,201.132.84.174
156,Pamela,Griffin,pgriffin4b@cnn.com,Female,19.244.184.244
157,Lori,Nelson,lnelson4c@histats.com,Female,7.199.78.198
158,Janet,Hamilton,jhamilton4d@sciencedirect.com,Female,96.195.84.4
159,Tammy,Cox,tcox4e@ft.com,Female,237.59.205.112
160,Anthony,Bowman,abowman4f@trellian.com,Male,188.134.160.102
161,Anne,Nguyen,anguyen4g@google.pl,Female,203.95.28.27
162,Jeffrey,Ford,jford4h@deliciousdays.com,Male,76.156.148.204
163,Mildred,Gutierrez,mgutierrez4i@indiatimes.com,Female,138.73.130.117
164,Katherine,Black,kblack4j@wikia.com,Female,31.1.74.133
165,Kelly,Fuller,kfuller4k@hp.com,Female,34.152.47.146
166,Bobby,Mcdonald,bmcdonald4l@sohu.com,Male,1.177.38.57
167,Frank,Hanson,fhanson4m@accuweather.com,Male,20.102.251.169
168,Dorothy,Sanchez,dsanchez4n@seesaa.net,Female,4.125.203.253
169,Steven,Hart,shart4o@php.net,Male,211.64.182.139
170,Jane,Ryan,jryan4p@vinaora.com,Female,72.8.214.142
171,Amanda,Edwards,aedwards4q@tinyurl.com,Female,22.223.197.207
172,Kathryn,White,kwhite4r@addthis.com,Female,145.82.195.53
173,Lois,Larson,llarson4s@fda.gov,Female,231.74.210.198
174,Carlos,Gonzalez,cgonzalez4t@devhub.com,Male,89.133.199.88
175,Steven,Arnold,sarnold4u@comsenz.com,Male,52.26.9.117
176,Tina,Lane,tlane4v@soup.io,Female,175.31.118.129
177,Frank,Taylor,ftaylor4w@hibu.com,Male,80.212.90.87
178,Mary,Cook,mcook4x@prnewswire.com,Female,229.49.172.186
179,Jimmy,Nguyen,jnguyen4y@mozilla.org,Male,245.191.43.17
180,Cynthia,Webb,cwebb4z@booking.com,Female,71.218.14.99
181,Patrick,White,pwhite50@nytimes.com,Male,43.23.101.26
182,Harry,Smith,hsmith51@gmpg.org,Male,94.47.200.7
183,Harold,Rogers,hrogers52@php.net,Male,34.138.27.169
184,Kathryn,Palmer,kpalmer53@seesaa.net,Female,21.182.19.213
185,Benjamin,Stanley,bstanley54@toplist.cz,Male,83.55.239.5
186,Kathryn,Foster,kfoster55@simplemachines.org,Female,114.147.176.132
187,Peter,Wood,pwood56@ask.com,Male,220.67.70.25
188,Fred,Castillo,fcastillo57@yellowbook.com,Male,154.198.230.172
189,Cynthia,Weaver,cweaver58@domainmarket.com,Female,176.193.254.197
190,Donna,Woods,dwoods59@marketwatch.com,Female,233.7.15.151
191,Emily,Knight,eknight5a@posterous.com,Female,210.65.148.111
192,Jane,Sanchez,jsanchez5b@wordpress.org,Female,83.103.51.169
193,Fred,Foster,ffoster5c@ox.ac.uk,Male,149.59.53.3
194,Barbara,Fields,bfields5d@mayoclinic.com,Female,246.112.119.148
195,Gerald,Green,ggreen5e@a8.net,Male,64.57.225.8
196,Maria,Fox,mfox5f@geocities.jp,Female,21.49.197.118
197,Carlos,Morris,cmorris5g@google.it,Male,189.32.222.206
198,Scott,Sullivan,ssullivan5h@eventbrite.com,Male,222.63.40.26
199,Emily,Banks,ebanks5i@reddit.com,Female,142.119.248.25
200,Phyllis,Russell,prussell5j@vinaora.com,Female,98.161.158.221
201,Donald,King,dking5k@clickbank.net,Male,82.194.227.132
202,Lori,Spencer,lspencer5l@npr.org,Female,249.75.230.168
203,Johnny,Hudson,jhudson5m@hud.gov,Male,49.34.6.75
204,Margaret,Garza,mgarza5n@youtube.com,Female,230.2.95.3
205,Barbara,Tucker,btucker5o@baidu.com,Female,177.35.153.136
206,Shawn,Torres,storres5p@macromedia.com,Male,255.107.62.166
207,Sandra,Jones,sjones5q@odnoklassniki.ru,Female,168.29.223.168
208,Janice,Burke,jburke5r@foxnews.com,Female,10.19.167.68
209,Joan,Hart,jhart5s@mysql.com,Female,71.111.101.216
210,Carolyn,Wheeler,cwheeler5t@bandcamp.com,Female,40.69.52.221
211,Anthony,Cooper,acooper5u@angelfire.com,Male,229.11.141.111
212,Patrick,Spencer,pspencer5v@slate.com,Male,26.79.233.27
213,Edward,Armstrong,earmstrong5w@sphinn.com,Male,6.155.53.81
214,Helen,Carter,hcarter5x@sphinn.com,Female,200.232.50.199
215,Alice,Parker,aparker5y@imgur.com,Female,99.131.96.70
216,Melissa,Allen,mallen5z@google.nl,Female,52.34.162.221
217,Mildred,Hall,mhall60@java.com,Female,74.244.38.35
218,Margaret,Carter,mcarter61@china.com.cn,Female,31.187.8.255
219,Mildred,Jenkins,mjenkins62@addthis.com,Female,0.26.27.73
220,Adam,Kennedy,akennedy63@bloglovin.com,Male,196.246.137.193
221,Howard,Porter,hporter64@biblegateway.com,Male,87.182.81.98
222,Laura,Rose,lrose65@psu.edu,Female,215.58.249.83
223,Diana,Gonzales,dgonzales66@vimeo.com,Female,245.133.102.138
224,William,Warren,wwarren67@dmoz.org,Male,34.101.192.227
225,Julie,Lynch,jlynch68@prweb.com,Female,30.171.14.3
226,Bonnie,Knight,bknight69@phpbb.com,Female,198.88.100.228
227,Stephen,Rose,srose6a@diigo.com,Male,194.60.253.213
228,Beverly,Barnes,bbarnes6b@state.tx.us,Female,9.73.32.140
229,Ruby,Moore,rmoore6c@engadget.com,Female,69.137.123.80
230,Ralph,Wright,rwright6d@newsvine.com,Male,37.0.179.150
231,Jennifer,Turner,jturner6e@tuttocitta.it,Female,166.141.248.226
232,Rachel,Phillips,rphillips6f@hp.com,Female,189.253.180.226
233,Julia,Cooper,jcooper6g@so-net.ne.jp,Female,164.0.221.121
234,Kenneth,Hudson,khudson6h@nsw.gov.au,Male,142.35.129.226
235,Michelle,Shaw,mshaw6i@cpanel.net,Female,45.223.128.181
236,David,Castillo,dcastillo6j@buzzfeed.com,Male,179.57.107.120
237,Samuel,Little,slittle6k@bbc.co.uk,Male,133.179.250.132
238,Phillip,Lane,plane6l@friendfeed.com,Male,4.36.250.247
239,Shirley,Burns,sburns6m@blogs.com,Female,33.182.12.172
240,Samuel,Bishop,sbishop6n@yelp.com,Male,142.33.129.116
241,Eugene,Peterson,epeterson6o@seesaa.net,Male,69.209.73.0
242,Jean,Fisher,jfisher6p@etsy.com,Female,169.159.236.90
243,Barbara,Jenkins,bjenkins6q@spotify.com,Female,178.111.21.189
244,Jane,Warren,jwarren6r@tiny.cc,Female,194.220.54.174
245,Gary,Patterson,gpatterson6s@amazon.co.uk,Male,77.39.209.7
246,Keith,Fowler,kfowler6t@lycos.com,Male,2.168.126.233
247,Deborah,Johnson,djohnson6u@ftc.gov,Female,65.226.122.47
248,Gary,Hill,ghill6v@comcast.net,Male,158.144.81.129
249,Carl,Harris,charris6w@livejournal.com,Male,95.201.141.138
250,Carl,Dean,cdean6x@ustream.tv,Male,46.186.248.137
251,Anne,Sanders,asanders6y@reference.com,Female,141.153.93.194
252,Susan,White,swhite6z@sourceforge.net,Female,18.27.216.133
253,Alan,Allen,aallen70@hexun.com,Male,214.237.22.151
254,Jerry,Harper,jharper71@yellowbook.com,Male,0.122.111.86
255,Jeremy,Warren,jwarren72@ucoz.com,Male,220.118.120.211
256,Janet,Marshall,jmarshall73@constantcontact.com,Female,187.57.230.18
257,Roger,Carroll,rcarroll74@wikispaces.com,Male,147.91.133.98
258,Julia,Burke,jburke75@geocities.com,Female,155.214.238.145
259,Ruby,Bell,rbell76@uiuc.edu,Female,31.9.20.27
260,Harold,Washington,hwashington77@uiuc.edu,Male,119.23.12.179
261,Brenda,James,bjames78@constantcontact.com,Female,93.23.211.84
262,Rebecca,Lee,rlee79@accuweather.com,Female,200.221.137.126
263,Pamela,Roberts,proberts7a@photobucket.com,Female,242.226.151.146
264,Marilyn,Butler,mbutler7b@biglobe.ne.jp,Female,30.128.211.172
265,Frances,Lawson,flawson7c@engadget.com,Female,103.15.62.56
266,Amanda,Washington,awashington7d@timesonline.co.uk,Female,30.238.77.70
267,Beverly,Harris,bharris7e@creativecommons.org,Female,102.245.200.174
268,John,Fuller,jfuller7f@freewebs.com,Male,223.54.146.74
269,Johnny,Nelson,jnelson7g@google.de,Male,35.221.17.99
270,Ruth,Lopez,rlopez7h@unc.edu,Female,226.51.14.23
271,Debra,Daniels,ddaniels7i@cloudflare.com,Female,68.29.206.230
272,Heather,Ryan,hryan7j@abc.net.au,Female,25.141.2.190
273,Marilyn,Gray,mgray7k@ucoz.ru,Female,32.132.151.185
274,Joe,Freeman,jfreeman7l@pen.io,Male,169.127.86.189
275,Doris,Stephens,dstephens7m@netscape.com,Female,75.44.164.80
276,Rose,Webb,rwebb7n@prweb.com,Female,2.67.93.193
277,Chris,Harvey,charvey7o@wisc.edu,Male,238.236.43.89
278,Randy,Riley,rriley7p@twitter.com,Male,53.52.136.107
279,Carolyn,Bowman,cbowman7q@mail.ru,Female,168.163.119.156
280,Amy,Snyder,asnyder7r@privacy.gov.au,Female,91.56.162.202
281,Margaret,Gilbert,mgilbert7s@sphinn.com,Female,40.159.66.253
282,John,Garrett,jgarrett7t@nbcnews.com,Male,75.82.66.112
283,Michelle,Mcdonald,mmcdonald7u@springer.com,Female,189.121.25.32
284,Marilyn,Rogers,mrogers7v@sourceforge.net,Female,126.174.26.33
285,Daniel,Morris,dmorris7w@de.vu,Male,245.180.47.36
286,Jose,Hanson,jhanson7x@cnbc.com,Male,192.197.217.197
287,Joan,Dean,jdean7y@unc.edu,Female,146.136.153.61
288,Sean,Little,slittle7z@fda.gov,Male,180.11.49.110
289,Rebecca,Frazier,rfrazier80@wunderground.com,Female,62.115.165.91
290,Christopher,Meyer,cmeyer81@usnews.com,Male,230.236.161.16
291,Brenda,Reynolds,breynolds82@timesonline.co.uk,Female,97.137.89.141
292,Earl,Medina,emedina83@unicef.org,Male,52.177.13.90
293,Teresa,Rodriguez,trodriguez84@bravesites.com,Female,167.66.126.48
294,Christine,Arnold,carnold85@berkeley.edu,Female,7.45.75.7
295,Charles,Adams,cadams86@123-reg.co.uk,Male,245.198.3.241
296,Virginia,Lopez,vlopez87@google.cn,Female,224.201.35.5
297,Jacqueline,Montgomery,jmontgomery88@eepurl.com,Female,142.126.217.118
298,Thomas,Vasquez,tvasquez89@dion.ne.jp,Male,240.107.89.49
299,Bruce,Black,bblack8a@dion.ne.jp,Male,140.113.18.195
300,Norma,Greene,ngreene8b@rakuten.co.jp,Female,53.84.106.130
301,Ruth,Frazier,rfrazier8c@alibaba.com,Female,193.29.235.255
302,Diana,Stevens,dstevens8d@nbcnews.com,Female,146.31.148.60
303,Jeffrey,Wright,jwright8e@ftc.gov,Male,161.181.170.125
304,Denise,Medina,dmedina8f@vk.com,Female,87.111.122.92
305,Jessica,Flores,jflores8g@nps.gov,Female,95.50.50.143
306,Beverly,Riley,briley8h@ustream.tv,Female,176.53.62.225
307,Thomas,Reed,treed8i@ft.com,Male,34.189.46.231
308,Edward,Carroll,ecarroll8j@behance.net,Male,167.165.104.86
309,Phyllis,Castillo,pcastillo8k@tmall.com,Female,247.95.97.22
310,Billy,Willis,bwillis8l@amazon.de,Male,61.68.241.194
311,Bobby,Rivera,brivera8m@aol.com,Male,177.201.46.235
312,Charles,Olson,colson8n@twitter.com,Male,42.255.158.220
313,Karen,Cunningham,kcunningham8o@wix.com,Female,80.216.144.242
314,Katherine,White,kwhite8p@wufoo.com,Female,196.75.54.102
315,Jack,Larson,jlarson8q@geocities.jp,Male,103.3.122.195
316,Andrew,Hayes,ahayes8r@jugem.jp,Male,138.51.234.105
317,Patrick,Boyd,pboyd8s@marriott.com,Male,244.202.147.188
318,Mildred,Thomas,mthomas8t@blinklist.com,Female,86.227.238.173
319,Katherine,Bennett,kbennett8u@flavors.me,Female,56.19.134.197
320,Harold,Black,hblack8v@live.com,Male,250.220.169.75
321,Mark,Thompson,mthompson8w@gov.uk,Male,185.183.103.5
322,Carolyn,Lee,clee8x@columbia.edu,Female,68.229.75.34
323,Diane,Morrison,dmorrison8y@google.nl,Female,52.102.71.46
324,Roy,Payne,rpayne8z@about.com,Male,131.157.155.52
325,Terry,Ward,tward90@ehow.com,Male,192.168.209.174
326,Jessica,Cook,jcook91@kickstarter.com,Female,21.219.224.163
327,Bonnie,Moreno,bmoreno92@ox.ac.uk,Female,50.88.14.208
328,Dennis,Black,dblack93@geocities.jp,Male,233.67.61.33
329,John,Bell,jbell94@wikispaces.com,Male,106.215.235.201
330,Louis,Arnold,larnold95@odnoklassniki.ru,Male,199.78.68.59
331,Denise,Morgan,dmorgan96@diigo.com,Female,12.41.138.181
332,Irene,Frazier,ifrazier97@intel.com,Female,139.166.138.193
333,Kimberly,Hart,khart98@springer.com,Female,70.168.29.219
334,Stephen,Rice,srice99@zdnet.com,Male,92.68.158.46
335,Ruby,Spencer,rspencer9a@geocities.com,Female,64.86.255.80
336,Mildred,Richards,mrichards9b@mozilla.org,Female,66.173.126.251
337,Ronald,Bowman,rbowman9c@twitpic.com,Male,88.207.52.1
338,Johnny,Owens,jowens9d@ovh.net,Male,235.149.126.34
339,Julia,Gonzales,jgonzales9e@spiegel.de,Female,14.207.44.6
340,Michael,Gomez,mgomez9f@sbwire.com,Male,91.234.111.163
341,Larry,Simpson,lsimpson9g@t.co,Male,63.11.197.55
342,Alan,Ellis,aellis9h@columbia.edu,Male,19.75.32.95
343,Howard,Fields,hfields9i@1688.com,Male,179.56.224.38
344,Ruby,West,rwest9j@noaa.gov,Female,26.14.66.205
345,Bonnie,Mccoy,bmccoy9k@ycombinator.com,Female,221.215.193.229
346,Ashley,Morris,amorris9l@jugem.jp,Female,95.214.23.156
347,Clarence,Bowman,cbowman9m@weebly.com,Male,139.99.35.155
348,Robin,Miller,rmiller9n@dmoz.org,Female,25.212.226.179
349,Ruby,Willis,rwillis9o@bloglines.com,Female,27.4.138.63
350,Todd,Fuller,tfuller9p@ca.gov,Male,132.164.65.151
351,Harold,West,hwest9q@youtube.com,Male,74.130.246.252
352,Wanda,Elliott,welliott9r@loc.gov,Female,80.80.66.81
353,Diana,Murphy,dmurphy9s@example.com,Female,247.145.73.193
354,Evelyn,Ray,eray9t@ezinearticles.com,Female,172.43.243.157
355,Frank,Perry,fperry9u@dion.ne.jp,Male,77.188.253.198
356,Marilyn,Perkins,mperkins9v@theguardian.com,Female,89.123.247.108
357,Arthur,James,ajames9w@phpbb.com,Male,9.232.38.128
358,Amanda,Peters,apeters9x@abc.net.au,Female,193.188.15.24
359,Juan,Hill,jhill9y@illinois.edu,Male,25.239.65.251
360,Brenda,Ramirez,bramirez9z@army.mil,Female,126.113.64.43
361,Jose,Lee,jleea0@ucoz.com,Male,107.223.227.165
362,Joyce,Thomas,jthomasa1@t.co,Female,87.176.147.112
363,Catherine,Berry,cberrya2@foxnews.com,Female,243.130.217.218
364,Marilyn,Mason,mmasona3@storify.com,Female,33.16.42.115
365,Billy,Young,byounga4@biglobe.ne.jp,Male,64.207.26.65
366,Mildred,Castillo,mcastilloa5@usatoday.com,Female,238.106.131.66
367,Samuel,Meyer,smeyera6@hexun.com,Male,48.186.137.249
368,Jennifer,Fernandez,jfernandeza7@gnu.org,Female,235.161.253.246
369,Fred,Evans,fevansa8@nsw.gov.au,Male,122.130.39.173
370,Brandon,Barnes,bbarnesa9@wiley.com,Male,135.223.179.195
371,Melissa,James,mjamesaa@tumblr.com,Female,65.193.92.232
372,Craig,Kennedy,ckennedyab@blogspot.com,Male,63.92.114.182
373,Theresa,Collins,tcollinsac@google.co.jp,Female,121.196.217.119
374,Evelyn,Hansen,ehansenad@blogspot.com,Female,29.123.79.75
375,Antonio,Hicks,ahicksae@360.cn,Male,52.245.20.164
376,Joan,Smith,jsmithaf@tripadvisor.com,Female,53.127.169.65
377,Christine,Gonzales,cgonzalesag@timesonline.co.uk,Female,105.96.48.36
378,Nicole,Sanders,nsandersah@mysql.com,Female,61.130.76.188
379,Harry,Hernandez,hhernandezai@github.io,Male,110.29.157.197
380,Kelly,Armstrong,karmstrongaj@spiegel.de,Female,233.116.219.243
381,Heather,Russell,hrussellak@upenn.edu,Female,253.251.49.163
382,Frank,Scott,fscottal@prlog.org,Male,40.76.252.10
383,Judy,Nichols,jnicholsam@buzzfeed.com,Female,208.179.130.206
384,Gerald,Graham,ggrahaman@storify.com,Male,239.104.76.62
385,Brian,Gonzalez,bgonzalezao@yelp.com,Male,101.55.85.153
386,Diane,Stevens,dstevensap@ed.gov,Female,39.213.164.204
387,Amy,Lee,aleeaq@facebook.com,Female,238.40.240.161
388,Bonnie,Bishop,bbishopar@shop-pro.jp,Female,127.166.70.203
389,Christina,Powell,cpowellas@blogger.com,Female,93.43.232.194
390,Jean,Morris,jmorrisat@domainmarket.com,Female,172.37.120.233
391,Jack,Thomas,jthomasau@hud.gov,Male,109.65.16.249
392,Louise,Adams,ladamsav@fda.gov,Female,110.148.203.153
393,Carolyn,Holmes,cholmesaw@globo.com,Female,152.227.174.8
394,Katherine,Parker,kparkerax@geocities.com,Female,186.79.183.34
395,Julie,Edwards,jedwardsay@marketwatch.com,Female,164.17.60.238
396,Justin,Palmer,jpalmeraz@istockphoto.com,Male,251.106.237.11
397,Ralph,Cook,rcookb0@delicious.com,Male,51.36.8.164
398,Stephen,Butler,sbutlerb1@cafepress.com,Male,60.145.108.231
399,Paul,Duncan,pduncanb2@va.gov,Male,85.126.226.86
400,Sean,Hart,shartb3@jimdo.com,Male,162.33.180.248
401,George,Murray,gmurrayb4@forbes.com,Male,65.198.62.236
402,Karen,Williams,kwilliamsb5@behance.net,Female,156.42.146.21
403,Ronald,Simpson,rsimpsonb6@google.com.br,Male,195.6.40.176
404,Brandon,Brown,bbrownb7@census.gov,Male,84.98.212.214
405,David,Porter,dporterb8@shareasale.com,Male,250.104.147.51
406,Anne,Day,adayb9@dion.ne.jp,Female,9.231.179.244
407,Joshua,Cook,jcookba@hostgator.com,Male,83.133.127.139
408,Jean,Washington,jwashingtonbb@godaddy.com,Female,195.161.230.28
409,Aaron,Carter,acarterbc@google.com,Male,157.139.88.148
410,Rachel,Garrett,rgarrettbd@vistaprint.com,Female,20.21.201.73
411,Lillian,Williams,lwilliamsbe@reverbnation.com,Female,177.64.127.13
412,Adam,Walker,awalkerbf@facebook.com,Male,188.189.34.42
413,Alice,Berry,aberrybg@google.com.br,Female,91.147.180.0
414,Louis,Kennedy,lkennedybh@loc.gov,Male,7.235.60.186
415,Carol,West,cwestbi@yale.edu,Female,5.107.90.69
416,Patrick,Lane,planebj@topsy.com,Male,28.91.4.29
417,Diana,Mason,dmasonbk@quantcast.com,Female,191.16.44.52
418,Norma,Torres,ntorresbl@ox.ac.uk,Female,148.255.209.93
419,Sarah,Watson,swatsonbm@state.tx.us,Female,156.179.148.175
420,Barbara,Lawrence,blawrencebn@w3.org,Female,153.247.11.231
421,Randy,Schmidt,rschmidtbo@dailymail.co.uk,Male,207.137.1.197
422,Gerald,Murphy,gmurphybp@ebay.com,Male,147.12.236.253
423,Steve,Webb,swebbbq@issuu.com,Male,232.183.131.184
424,Antonio,Little,alittlebr@goo.ne.jp,Male,213.45.136.97
425,Charles,Hernandez,chernandezbs@howstuffworks.com,Male,225.243.251.227
426,Frank,Gardner,fgardnerbt@unesco.org,Male,10.103.174.155
427,Diane,Stone,dstonebu@vinaora.com,Female,216.29.178.84
428,Kenneth,Rodriguez,krodriguezbv@umn.edu,Male,57.159.124.193
429,Phyllis,Stone,pstonebw@t.co,Female,168.124.249.202
430,Joseph,Snyder,jsnyderbx@forbes.com,Male,10.60.113.171
431,Carl,Lopez,clopezby@wikia.com,Male,61.87.206.182
432,Juan,Ramos,jramosbz@abc.net.au,Male,253.101.109.183
433,Michelle,Morales,mmoralesc0@apache.org,Female,196.188.244.27
434,Kathy,Mason,kmasonc1@latimes.com,Female,148.227.63.133
435,Terry,Morgan,tmorganc2@jimdo.com,Male,122.36.111.128
436,Lawrence,Jenkins,ljenkinsc3@google.fr,Male,181.42.61.157
437,Ruby,Ferguson,rfergusonc4@ucoz.com,Female,43.135.31.93
438,Donald,Graham,dgrahamc5@tmall.com,Male,250.200.231.215
439,Rachel,Elliott,relliottc6@biblegateway.com,Female,85.73.204.31
440,Michael,Hunter,mhunterc7@blogtalkradio.com,Male,10.209.192.56
441,Tammy,Kim,tkimc8@who.int,Female,215.137.168.44
442,Lillian,Boyd,lboydc9@cafepress.com,Female,99.101.44.69
443,Roy,Bennett,rbennettca@un.org,Male,151.99.247.236
444,James,Lee,jleecb@360.cn,Male,78.73.78.115
445,Jack,Banks,jbankscc@japanpost.jp,Male,125.66.210.105
446,Patricia,Green,pgreencd@technorati.com,Female,171.24.243.168
447,James,Fowler,jfowlerce@washington.edu,Male,185.133.246.191
448,Anna,Coleman,acolemancf@goo.ne.jp,Female,74.136.81.142
449,Ruby,Morrison,rmorrisoncg@jigsy.com,Female,174.0.130.29
450,Norma,Perry,nperrych@hhs.gov,Female,64.204.13.55
451,Beverly,West,bwestci@nydailynews.com,Female,48.37.98.161
452,Ruby,Nguyen,rnguyencj@sciencedirect.com,Female,1.98.18.254
453,Linda,Ryan,lryanck@csmonitor.com,Female,39.229.57.180
454,Jean,Fowler,jfowlercl@narod.ru,Female,86.109.175.251
455,Virginia,Reynolds,vreynoldscm@ovh.net,Female,57.180.157.141
456,Shirley,Kelley,skelleycn@mozilla.org,Female,116.47.203.40
457,Ann,Reyes,areyesco@wix.com,Female,148.179.66.171
458,Earl,Hall,ehallcp@ibm.com,Male,213.16.78.231
459,Wanda,Howell,whowellcq@timesonline.co.uk,Female,245.149.151.214
460,Ralph,Simmons,rsimmonscr@disqus.com,Male,87.47.18.114
461,Lori,Schmidt,lschmidtcs@europa.eu,Female,210.55.133.32
462,David,Kelly,dkellyct@cnn.com,Male,99.216.13.96
463,Brenda,Matthews,bmatthewscu@netvibes.com,Female,183.34.105.50
464,Anthony,Harvey,aharveycv@sfgate.com,Male,246.252.167.123
465,Linda,Lynch,llynchcw@last.fm,Female,215.63.210.53
466,Beverly,Armstrong,barmstrongcx@tumblr.com,Female,99.85.59.70
467,Diane,Hudson,dhudsoncy@macromedia.com,Female,140.21.179.182
468,Marilyn,Cruz,mcruzcz@behance.net,Female,164.107.45.16
469,Anna,Armstrong,aarmstrongd0@macromedia.com,Female,103.69.87.221
470,Virginia,Fox,vfoxd1@sourceforge.net,Female,216.221.100.8
471,Roger,Griffin,rgriffind2@umich.edu,Male,179.9.79.151
472,Dorothy,Richards,drichardsd3@google.nl,Female,43.215.203.75
473,Gloria,Snyder,gsnyderd4@census.gov,Female,38.250.88.139
474,Heather,Matthews,hmatthewsd5@dion.ne.jp,Female,241.65.128.118
475,Willie,Lynch,wlynchd6@squidoo.com,Male,231.85.146.97
476,David,Howard,dhowardd7@patch.com,Male,38.44.91.42
477,Antonio,Payne,apayned8@istockphoto.com,Male,90.96.44.113
478,Jason,Barnes,jbarnesd9@t-online.de,Male,189.13.2.218
479,Kimberly,Long,klongda@cocolog-nifty.com,Female,32.75.234.234
480,Lisa,Coleman,lcolemandb@bandcamp.com,Female,63.114.16.96
481,Henry,Gray,hgraydc@fc2.com,Male,115.85.99.2
482,Brandon,White,bwhitedd@dropbox.com,Male,179.186.166.251
483,Julie,Murphy,jmurphyde@hc360.com,Female,16.15.191.209
484,Joe,Cox,jcoxdf@google.ru,Male,117.18.232.166
485,Debra,Welch,dwelchdg@marketwatch.com,Female,6.132.10.28
486,Stephanie,Greene,sgreenedh@baidu.com,Female,176.116.132.57
487,Katherine,Moore,kmooredi@i2i.jp,Female,58.212.40.151
488,Lois,Sullivan,lsullivandj@salon.com,Female,250.248.216.97
489,Joe,Graham,jgrahamdk@go.com,Male,19.22.229.34
490,Willie,Mccoy,wmccoydl@amazon.de,Male,138.84.171.226
491,Jose,Long,jlongdm@about.me,Male,47.192.180.174
492,Ashley,Bell,abelldn@flavors.me,Female,32.174.10.185
493,Dennis,Cook,dcookdo@google.it,Male,96.225.15.193
494,Dorothy,Murray,dmurraydp@example.com,Female,116.29.79.103
495,Ann,Rice,aricedq@earthlink.net,Female,214.70.248.0
496,Samuel,Holmes,sholmesdr@dedecms.com,Male,62.105.19.92
497,Adam,Carr,acarrds@unblog.fr,Male,235.116.196.2
498,Daniel,Phillips,dphillipsdt@blogtalkradio.com,Male,247.159.195.211
499,Heather,Wells,hwellsdu@reuters.com,Female,66.112.51.98
500,Charles,Johnston,cjohnstondv@ebay.co.uk,Male,30.121.190.15
501,Edward,Bell,ebelldw@multiply.com,Male,27.61.177.3
502,Janice,Flores,jfloresdx@omniture.com,Female,181.250.243.237
503,Jimmy,Hanson,jhansondy@huffingtonpost.com,Male,169.247.101.175
504,Lawrence,Kennedy,lkennedydz@uiuc.edu,Male,220.129.229.102
505,Roger,Garcia,rgarciae0@angelfire.com,Male,241.116.163.70
506,Terry,Cunningham,tcunninghame1@samsung.com,Male,168.141.52.74
507,Arthur,Russell,arusselle2@blog.com,Male,135.177.41.214
508,Charles,Peters,cpeterse3@bbc.co.uk,Male,60.232.247.204
509,Paul,Mason,pmasone4@marketwatch.com,Male,238.169.150.179
510,Robert,Williamson,rwilliamsone5@issuu.com,Male,49.100.48.91
511,Louise,Kelly,lkellye6@psu.edu,Female,187.211.49.37
512,Joan,Richards,jrichardse7@imageshack.us,Female,40.35.76.174
513,Jose,Perkins,jperkinse8@1und1.de,Male,95.249.162.117
514,Carolyn,Day,cdaye9@phpbb.com,Female,118.240.18.180
515,Peter,Long,plongea@amazonaws.com,Male,64.117.75.92
516,Gerald,Rodriguez,grodriguezeb@google.co.uk,Male,85.38.204.211
517,Marilyn,Oliver,moliverec@telegraph.co.uk,Female,87.245.234.242
518,Ashley,Kelly,akellyed@geocities.com,Female,19.202.1.182
519,Wanda,Murphy,wmurphyee@apache.org,Female,58.118.19.123
520,Annie,Taylor,atayloref@fotki.com,Female,194.153.55.206
521,Matthew,Gardner,mgardnereg@networkadvertising.org,Male,193.0.6.48
522,Walter,Ferguson,wfergusoneh@rediff.com,Male,103.220.136.46
523,Aaron,Wells,awellsei@mozilla.org,Male,44.53.217.99
524,Jerry,Dean,jdeanej@angelfire.com,Male,25.153.249.94
525,William,Green,wgreenek@blog.com,Male,52.207.69.101
526,Ruby,Evans,revansel@goodreads.com,Female,91.35.140.204
527,Janet,Green,jgreenem@yolasite.com,Female,73.26.159.15
528,Pamela,Little,plittleen@chicagotribune.com,Female,49.124.120.91
529,Bonnie,Flores,bfloreseo@newyorker.com,Female,106.6.59.47
530,Douglas,Payne,dpayneep@amazonaws.com,Male,27.226.135.55
531,Lois,Hayes,lhayeseq@miibeian.gov.cn,Female,55.148.126.240
532,Wayne,Lawson,wlawsoner@gizmodo.com,Male,25.44.137.119
533,Christopher,Rose,crosees@istockphoto.com,Male,196.158.53.89
534,Terry,Garrett,tgarrettet@admin.ch,Male,224.38.72.57
535,Virginia,Ward,vwardeu@reverbnation.com,Female,186.49.225.18
536,Steven,Rice,sriceev@etsy.com,Male,237.143.78.7
537,Louis,Greene,lgreeneew@reverbnation.com,Male,69.68.185.90
538,Stephen,Ward,swardex@amazon.co.jp,Male,179.147.28.255
539,Russell,Murphy,rmurphyey@elegantthemes.com,Male,242.151.100.197
540,Mildred,Porter,mporterez@patch.com,Female,140.244.158.85
541,Aaron,Gibson,agibsonf0@msn.com,Male,84.242.125.113
542,Lois,Young,lyoungf1@biblegateway.com,Female,195.160.95.248
543,Harry,James,hjamesf2@jigsy.com,Male,114.218.169.73
544,Heather,Barnes,hbarnesf3@webnode.com,Female,224.180.74.37
545,Thomas,Simpson,tsimpsonf4@reuters.com,Male,83.104.152.14
546,Karen,Morris,kmorrisf5@umn.edu,Female,144.90.124.49
547,Philip,Boyd,pboydf6@reddit.com,Male,199.101.142.231
548,Jennifer,Henderson,jhendersonf7@stanford.edu,Female,90.154.191.221
549,Diane,Flores,dfloresf8@ovh.net,Female,64.89.251.156
550,Antonio,Coleman,acolemanf9@chronoengine.com,Male,92.252.174.75
551,Phyllis,Schmidt,pschmidtfa@exblog.jp,Female,135.116.113.207
552,Karen,Frazier,kfrazierfb@oakley.com,Female,226.208.151.166
553,Craig,Bryant,cbryantfc@unc.edu,Male,231.228.107.153
554,Matthew,Garrett,mgarrettfd@toplist.cz,Male,65.74.52.60
555,Margaret,Holmes,mholmesfe@unblog.fr,Female,244.243.34.29
556,Charles,Ferguson,cfergusonff@ask.com,Male,136.49.5.21
557,Carolyn,Rice,cricefg@house.gov,Female,11.179.24.15
558,Louis,Woods,lwoodsfh@gizmodo.com,Male,229.176.18.80
559,Mildred,Hanson,mhansonfi@timesonline.co.uk,Female,46.115.10.152
560,Andrew,Garrett,agarrettfj@upenn.edu,Male,7.45.60.196
561,Adam,Hunt,ahuntfk@reverbnation.com,Male,214.66.251.70
562,Daniel,Meyer,dmeyerfl@yahoo.com,Male,64.191.84.127
563,Justin,Barnes,jbarnesfm@huffingtonpost.com,Male,227.149.41.79
564,Ralph,Martinez,rmartinezfn@ifeng.com,Male,29.36.58.43
565,Nicholas,Reyes,nreyesfo@tuttocitta.it,Male,64.47.102.0
566,Andrea,Green,agreenfp@deviantart.com,Female,227.245.24.195
567,Rose,Davis,rdavisfq@jimdo.com,Female,142.188.13.4
568,Harold,Alvarez,halvarezfr@de.vu,Male,24.133.91.225
569,Karen,Hall,khallfs@surveymonkey.com,Female,169.65.81.109
570,Andrea,Williams,awilliamsft@icio.us,Female,224.244.187.194
571,Brandon,Hall,bhallfu@fc2.com,Male,187.154.157.155
572,Catherine,Lewis,clewisfv@phoca.cz,Female,233.252.137.84
573,Gary,Watkins,gwatkinsfw@vistaprint.com,Male,254.79.48.57
574,Keith,Fields,kfieldsfx@ibm.com,Male,166.64.46.211
575,Todd,Mitchell,tmitchellfy@nature.com,Male,153.72.69.92
576,Kathleen,Ryan,kryanfz@plala.or.jp,Female,16.211.252.196
577,Judy,Vasquez,jvasquezg0@omniture.com,Female,161.10.55.205
578,Lawrence,Cunningham,lcunninghamg1@businessweek.com,Male,41.168.170.191
579,Kathy,Berry,kberryg2@plala.or.jp,Female,63.103.107.237
580,Carolyn,Stone,cstoneg3@soup.io,Female,142.141.195.139
581,Jeffrey,Simmons,jsimmonsg4@symantec.com,Male,139.93.141.132
582,Edward,Carter,ecarterg5@instagram.com,Male,107.66.112.28
583,Louise,Diaz,ldiazg6@e-recht24.de,Female,131.92.236.176
584,Kelly,Rodriguez,krodriguezg7@usgs.gov,Female,143.70.250.108
585,Judy,Mccoy,jmccoyg8@google.es,Female,251.203.45.243
586,Brian,Patterson,bpattersong9@cam.ac.uk,Male,154.92.5.210
587,Alice,Ellis,aellisga@amazon.de,Female,211.13.110.167
588,Jane,Lopez,jlopezgb@lycos.com,Female,37.98.241.9
589,Bonnie,Spencer,bspencergc@google.ca,Female,205.252.228.78
590,Gerald,Stanley,gstanleygd@sourceforge.net,Male,4.170.68.148
591,Christopher,Payne,cpaynege@noaa.gov,Male,225.134.82.196
592,Keith,Knight,kknightgf@tmall.com,Male,101.145.244.130
593,Bruce,Scott,bscottgg@feedburner.com,Male,70.88.50.187
594,Tammy,Oliver,tolivergh@huffingtonpost.com,Female,108.160.24.123
595,Jesse,Davis,jdavisgi@nps.gov,Male,170.146.177.211
596,Scott,Nguyen,snguyengj@ocn.ne.jp,Male,79.220.80.233
597,Christine,Edwards,cedwardsgk@wp.com,Female,107.57.190.137
598,Anna,Stewart,astewartgl@cdbaby.com,Female,113.17.91.120
599,Lori,Robinson,lrobinsongm@usda.gov,Female,23.59.201.120
600,Earl,Ford,efordgn@google.fr,Male,250.245.19.150
601,Paula,Fox,pfoxgo@weibo.com,Female,162.137.180.113
602,Andrea,Gibson,agibsongp@apache.org,Female,30.107.196.127
603,Harry,Young,hyounggq@etsy.com,Male,82.112.188.116
604,Rachel,Knight,rknightgr@nytimes.com,Female,157.172.212.205
605,Jeffrey,King,jkinggs@wufoo.com,Male,52.0.162.186
606,Brandon,Boyd,bboydgt@walmart.com,Male,220.57.233.164
607,Terry,Collins,tcollinsgu@flavors.me,Male,60.205.39.101
608,Harold,Bailey,hbaileygv@cafepress.com,Male,158.159.80.5
609,Edward,Kelly,ekellygw@baidu.com,Male,170.50.128.39
610,Michael,Harper,mharpergx@disqus.com,Male,153.218.254.76
611,Karen,Sims,ksimsgy@qq.com,Female,23.2.107.48
612,Anna,Cole,acolegz@opensource.org,Female,193.113.248.14
613,Philip,Richards,prichardsh0@nationalgeographic.com,Male,38.203.8.202
614,George,Taylor,gtaylorh1@deviantart.com,Male,11.181.239.237
615,Deborah,Watson,dwatsonh2@sitemeter.com,Female,124.31.42.94
616,Nicole,Taylor,ntaylorh3@geocities.com,Female,8.185.192.22
617,Joe,Cole,jcoleh4@example.com,Male,27.6.72.213
618,Cheryl,Stevens,cstevensh5@wikispaces.com,Female,204.209.138.104
619,Edward,Hill,ehillh6@symantec.com,Male,227.167.7.67
620,James,Reynolds,jreynoldsh7@angelfire.com,Male,33.237.142.95
621,Carol,Snyder,csnyderh8@salon.com,Female,186.0.44.166
622,Janice,Alexander,jalexanderh9@hubpages.com,Female,126.248.230.244
623,Lisa,Berry,lberryha@cpanel.net,Female,195.49.174.194
624,Pamela,Boyd,pboydhb@mysql.com,Female,58.139.70.103
625,Tammy,Perez,tperezhc@wikipedia.org,Female,118.102.141.34
626,Irene,Bowman,ibowmanhd@huffingtonpost.com,Female,165.59.17.180
627,Earl,Nguyen,enguyenhe@trellian.com,Male,12.174.105.113
628,Linda,Castillo,lcastillohf@so-net.ne.jp,Female,185.211.91.49
629,Eric,Henderson,ehendersonhg@umn.edu,Male,55.36.59.110
630,Fred,Rodriguez,frodriguezhh@1688.com,Male,145.75.101.9
631,Melissa,Washington,mwashingtonhi@soup.io,Female,41.154.88.168
632,Bonnie,Long,blonghj@ehow.com,Female,182.174.184.16
633,Diane,Fields,dfieldshk@youtu.be,Female,235.3.124.92
634,Donald,Dean,ddeanhl@icq.com,Male,46.219.105.94
635,Roy,Elliott,relliotthm@hubpages.com,Male,203.238.158.230
636,Karen,Matthews,kmatthewshn@typepad.com,Female,78.214.133.44
637,Donna,Miller,dmillerho@uiuc.edu,Female,126.233.89.162
638,Samuel,Fernandez,sfernandezhp@timesonline.co.uk,Male,56.112.107.11
639,Frank,Gordon,fgordonhq@eventbrite.com,Male,89.45.123.198
640,Shirley,Simmons,ssimmonshr@cafepress.com,Female,98.208.216.166
641,Rose,Day,rdayhs@time.com,Female,75.219.38.164
642,Gregory,Hamilton,ghamiltonht@nasa.gov,Male,255.85.39.98
643,Phyllis,Matthews,pmatthewshu@msu.edu,Female,38.95.62.231
644,Joseph,Carpenter,jcarpenterhv@stumbleupon.com,Male,250.3.22.182
645,Marilyn,Wells,mwellshw@vistaprint.com,Female,28.199.29.169
646,Bruce,Pierce,bpiercehx@123-reg.co.uk,Male,152.174.20.67
647,Judith,Welch,jwelchhy@aboutads.info,Female,57.62.232.203
648,Louis,Washington,lwashingtonhz@goodreads.com,Male,88.85.209.63
649,Jeremy,Reynolds,jreynoldsi0@comsenz.com,Male,28.64.239.221
650,Scott,Matthews,smatthewsi1@sun.com,Male,187.16.247.140
651,Ryan,Grant,rgranti2@purevolume.com,Male,222.135.44.70
652,Sara,Anderson,sandersoni3@addthis.com,Female,135.156.142.216
653,Karen,Torres,ktorresi4@utexas.edu,Female,103.246.247.39
654,Kimberly,Brown,kbrowni5@deliciousdays.com,Female,36.189.2.237
655,Gloria,Miller,gmilleri6@jugem.jp,Female,35.184.136.245
656,Walter,Phillips,wphillipsi7@mac.com,Male,10.254.36.163
657,Timothy,Riley,trileyi8@163.com,Male,151.217.51.39
658,Peter,Harris,pharrisi9@intel.com,Male,183.66.183.63
659,Sarah,Riley,srileyia@youtu.be,Female,128.151.28.59
660,Jimmy,Perry,jperryib@state.gov,Male,45.110.64.55
661,Anne,Lawson,alawsonic@go.com,Female,31.244.236.9
662,Laura,Hayes,lhayesid@sitemeter.com,Female,87.21.243.50
663,Kenneth,Alvarez,kalvarezie@whitehouse.gov,Male,231.220.208.162
664,Todd,George,tgeorgeif@mac.com,Male,19.131.10.104
665,Shawn,Nichols,snicholsig@vinaora.com,Male,143.178.195.54
666,Lillian,Murphy,lmurphyih@nbcnews.com,Female,23.129.140.183
667,Matthew,Gordon,mgordonii@salon.com,Male,65.52.93.114
668,Anthony,Austin,aaustinij@patch.com,Male,114.14.130.43
669,Kelly,Garza,kgarzaik@reference.com,Female,79.16.140.108
670,Adam,Cole,acoleil@army.mil,Male,146.48.205.152
671,Judith,Bryant,jbryantim@goodreads.com,Female,198.20.239.32
672,Susan,Mcdonald,smcdonaldin@globo.com,Female,106.9.201.116
673,Mildred,Russell,mrussellio@myspace.com,Female,250.197.49.30
674,Mildred,Hall,mhallip@gravatar.com,Female,211.234.79.254
675,Bonnie,Edwards,bedwardsiq@nytimes.com,Female,127.168.220.228
676,Lisa,Scott,lscottir@ucoz.com,Female,166.19.113.7
677,Maria,Gilbert,mgilbertis@jugem.jp,Female,162.5.72.36
678,Tina,Larson,tlarsonit@wordpress.org,Female,66.237.106.80
679,Ernest,Lopez,elopeziu@51.la,Male,231.81.38.81
680,Melissa,Sims,msimsiv@friendfeed.com,Female,33.86.127.60
681,Timothy,Williamson,twilliamsoniw@miitbeian.gov.cn,Male,47.243.192.119
682,Lisa,Williams,lwilliamsix@twitpic.com,Female,103.229.247.25
683,Lois,Ruiz,lruiziy@furl.net,Female,149.169.154.2
684,Barbara,Gonzalez,bgonzaleziz@toplist.cz,Female,137.143.163.30
685,Craig,Hayes,chayesj0@jimdo.com,Male,122.15.188.141
686,Donna,Harvey,dharveyj1@china.com.cn,Female,5.122.24.188
687,Nicole,James,njamesj2@ycombinator.com,Female,198.230.151.123
688,Dennis,Alvarez,dalvarezj3@reddit.com,Male,236.194.147.120
689,Justin,Franklin,jfranklinj4@posterous.com,Male,2.132.138.246
690,Harry,Martinez,hmartinezj5@naver.com,Male,108.76.71.193
691,Linda,Clark,lclarkj6@edublogs.org,Female,161.170.3.40
692,Irene,Hunter,ihunterj7@booking.com,Female,209.186.206.63
693,Earl,Mason,emasonj8@cbc.ca,Male,71.99.248.167
694,Ryan,Owens,rowensj9@imdb.com,Male,238.140.29.217
695,Jennifer,Sims,jsimsja@google.com,Female,62.194.47.44
696,Wayne,Kelley,wkelleyjb@soup.io,Male,215.13.254.73
697,Marilyn,Washington,mwashingtonjc@ox.ac.uk,Female,79.95.5.221
698,Heather,Ward,hwardjd@guardian.co.uk,Female,219.229.71.87
699,Denise,Ross,drossje@cnet.com,Female,113.78.97.24
700,Alice,Wagner,awagnerjf@chicagotribune.com,Female,82.105.170.59
701,Judy,Ruiz,jruizjg@ibm.com,Female,201.245.151.166
702,Bruce,Howard,bhowardjh@blogger.com,Male,88.127.223.65
703,Andrea,Lewis,alewisji@goo.ne.jp,Female,154.103.235.97
704,Todd,Garrett,tgarrettjj@army.mil,Male,103.159.219.150
705,Clarence,Richards,crichardsjk@deviantart.com,Male,165.38.54.132
706,Martin,Vasquez,mvasquezjl@blinklist.com,Male,182.56.253.191
707,Maria,Webb,mwebbjm@dailymotion.com,Female,132.106.113.27
708,James,Flores,jfloresjn@statcounter.com,Male,253.238.23.22
709,Mildred,Dixon,mdixonjo@symantec.com,Female,50.173.38.50
710,Charles,Graham,cgrahamjp@zimbio.com,Male,228.38.109.190
711,Theresa,Simmons,tsimmonsjq@symantec.com,Female,149.37.129.18
712,Robert,Sanders,rsandersjr@state.gov,Male,185.214.246.164
713,Billy,Washington,bwashingtonjs@cafepress.com,Male,95.128.122.253
714,Philip,Rivera,priverajt@sakura.ne.jp,Male,126.33.115.216
715,Roger,Howard,rhowardju@intel.com,Male,77.188.134.234
716,David,Jacobs,djacobsjv@amazon.com,Male,219.184.134.49
717,Richard,Parker,rparkerjw@unblog.fr,Male,85.125.62.47
718,Steve,Perkins,sperkinsjx@marketwatch.com,Male,201.130.246.79
719,Patrick,Ford,pfordjy@angelfire.com,Male,152.234.94.77
720,Phillip,Castillo,pcastillojz@cyberchimps.com,Male,113.152.161.115
721,Joan,Gibson,jgibsonk0@youtu.be,Female,245.135.104.23
722,Justin,Stone,jstonek1@ucoz.ru,Male,146.30.87.40
723,Sara,Alexander,salexanderk2@networkadvertising.org,Female,64.215.83.165
724,Judy,Stanley,jstanleyk3@google.com.au,Female,70.198.84.68
725,Kelly,Hansen,khansenk4@skype.com,Female,151.191.140.172
726,Carlos,Nichols,cnicholsk5@bravesites.com,Male,103.155.201.58
727,Ryan,Price,rpricek6@dropbox.com,Male,24.111.149.188
728,Nicole,Hansen,nhansenk7@4shared.com,Female,122.147.2.170
729,Brandon,Hamilton,bhamiltonk8@go.com,Male,47.115.161.46
730,Jesse,Brown,jbrownk9@webmd.com,Male,174.48.190.250
731,William,Olson,wolsonka@google.de,Male,232.55.86.85
732,Kathy,Lopez,klopezkb@timesonline.co.uk,Female,119.16.92.172
733,Ryan,Lane,rlanekc@fema.gov,Male,228.200.129.0
734,Larry,Fisher,lfisherkd@rambler.ru,Male,216.222.157.89
735,Emily,Morris,emorriske@msu.edu,Female,138.220.227.96
736,Daniel,Holmes,dholmeskf@oaic.gov.au,Male,177.168.96.34
737,Jean,Burton,jburtonkg@paginegialle.it,Female,105.95.243.155
738,Theresa,Stone,tstonekh@friendfeed.com,Female,22.91.246.195
739,Tina,Walker,twalkerki@pbs.org,Female,151.235.194.148
740,Tina,Porter,tporterkj@patch.com,Female,24.34.160.230
741,Ernest,Nichols,enicholskk@addtoany.com,Male,197.28.28.11
742,Todd,Vasquez,tvasquezkl@hexun.com,Male,19.181.108.175
743,Sandra,Garrett,sgarrettkm@mac.com,Female,226.196.157.240
744,Eugene,Medina,emedinakn@liveinternet.ru,Male,25.110.244.210
745,Tina,White,twhiteko@diigo.com,Female,128.205.19.45
746,Evelyn,Nichols,enicholskp@1688.com,Female,62.92.20.102
747,Gerald,Diaz,gdiazkq@psu.edu,Male,166.226.35.243
748,Jimmy,Freeman,jfreemankr@time.com,Male,23.154.176.191
749,Carol,White,cwhiteks@altervista.org,Female,100.123.176.25
750,Martha,Reed,mreedkt@pen.io,Female,237.186.242.200
751,Sean,Long,slongku@examiner.com,Male,133.237.90.250
752,Betty,Stone,bstonekv@pen.io,Female,194.153.59.104
753,Sandra,Watson,swatsonkw@patch.com,Female,51.152.66.72
754,Kathy,Williams,kwilliamskx@mediafire.com,Female,94.70.2.0
755,Emily,Butler,ebutlerky@nbcnews.com,Female,21.192.165.217
756,Alan,Baker,abakerkz@squarespace.com,Male,117.77.251.153
757,Mark,Gray,mgrayl0@disqus.com,Male,37.155.181.85
758,Norma,Johnson,njohnsonl1@usgs.gov,Female,207.229.67.248
759,Heather,Johnston,hjohnstonl2@uol.com.br,Female,234.106.46.157
760,Phillip,Rivera,priveral3@blogspot.com,Male,105.205.42.121
761,Benjamin,Bishop,bbishopl4@cbsnews.com,Male,162.113.226.195
762,Virginia,Kim,vkiml5@google.es,Female,76.42.60.178
763,Justin,Jacobs,jjacobsl6@mapy.cz,Male,88.196.58.245
764,Wayne,Simpson,wsimpsonl7@last.fm,Male,3.221.209.184
765,Roger,Riley,rrileyl8@about.me,Male,152.58.89.233
766,Justin,Lawrence,jlawrencel9@slashdot.org,Male,164.247.190.221
767,Steve,Clark,sclarkla@google.com.br,Male,234.226.159.87
768,Jane,Lynch,jlynchlb@slate.com,Female,227.236.188.216
769,Catherine,Ross,crosslc@shop-pro.jp,Female,171.156.242.196
770,Cheryl,Sanders,csandersld@ezinearticles.com,Female,122.154.209.8
771,Russell,Ruiz,rruizle@netlog.com,Male,243.66.197.174
772,Judy,Simmons,jsimmonslf@deliciousdays.com,Female,53.211.37.129
773,Nicole,Reynolds,nreynoldslg@spiegel.de,Female,212.67.208.59
774,Joyce,Hawkins,jhawkinslh@alexa.com,Female,224.137.202.113
775,Irene,Warren,iwarrenli@wikimedia.org,Female,94.240.84.20
776,Ralph,Hansen,rhansenlj@bluehost.com,Male,132.152.50.27
777,Lori,Ramirez,lramirezlk@github.com,Female,14.97.138.89
778,Gregory,Schmidt,gschmidtll@csmonitor.com,Male,173.170.80.48
779,Steve,Burke,sburkelm@mail.ru,Male,164.105.188.231
780,Kimberly,Lewis,klewisln@woothemes.com,Female,249.250.145.211
781,Teresa,Hunt,thuntlo@smh.com.au,Female,253.20.139.53
782,Helen,Phillips,hphillipslp@hexun.com,Female,195.245.217.69
783,Emily,Perez,eperezlq@hatena.ne.jp,Female,108.216.28.10
784,Kathy,Weaver,kweaverlr@nyu.edu,Female,164.116.215.243
785,David,Ruiz,druizls@php.net,Male,98.87.175.120
786,Frances,Barnes,fbarneslt@berkeley.edu,Female,255.1.8.42
787,Frances,Crawford,fcrawfordlu@paginegialle.it,Female,9.235.105.221
788,Scott,Wright,swrightlv@4shared.com,Male,161.59.64.70
789,Nicholas,Dean,ndeanlw@google.co.jp,Male,144.28.44.42
790,Ralph,Howell,rhowelllx@icio.us,Male,54.166.126.176
791,Janice,Duncan,jduncanly@stumbleupon.com,Female,151.223.233.157
792,William,Romero,wromerolz@yelp.com,Male,229.23.208.228
793,Carol,Mcdonald,cmcdonaldm0@aboutads.info,Female,16.57.172.163
794,Clarence,Stewart,cstewartm1@freewebs.com,Male,121.233.105.41
795,Jeremy,Mccoy,jmccoym2@technorati.com,Male,19.193.133.56
796,Steven,Reed,sreedm3@wordpress.com,Male,89.248.68.148
797,Frances,Andrews,fandrewsm4@accuweather.com,Female,100.101.14.247
798,Frances,Garcia,fgarciam5@usgs.gov,Female,241.208.200.228
799,Jack,Harris,jharrism6@theatlantic.com,Male,53.161.25.244
800,Linda,Hamilton,lhamiltonm7@altervista.org,Female,54.9.89.80
801,Mark,Scott,mscottm8@cdbaby.com,Male,250.194.217.186
802,Christina,Sanchez,csanchezm9@friendfeed.com,Female,208.61.131.202
803,Amy,Dixon,adixonma@spotify.com,Female,103.68.210.255
804,Roger,Ross,rrossmb@blogtalkradio.com,Male,81.233.57.67
805,Fred,Evans,fevansmc@lycos.com,Male,89.41.84.135
806,Christine,Miller,cmillermd@sohu.com,Female,46.235.78.31
807,Eugene,Burton,eburtonme@usa.gov,Male,87.245.199.158
808,John,Lawrence,jlawrencemf@qq.com,Male,194.43.127.125
809,Gloria,Fox,gfoxmg@webeden.co.uk,Female,219.143.191.182
810,Tammy,Foster,tfostermh@dailymail.co.uk,Female,248.29.119.180
811,Russell,Arnold,rarnoldmi@soup.io,Male,193.240.54.46
812,Kevin,Wilson,kwilsonmj@jugem.jp,Male,142.39.245.177
813,Stephanie,Ramirez,sramirezmk@upenn.edu,Female,238.126.56.4
814,Diana,Carroll,dcarrollml@arstechnica.com,Female,16.38.180.239
815,Matthew,Lawrence,mlawrencemm@i2i.jp,Male,75.146.26.11
816,Jesse,Wheeler,jwheelermn@state.gov,Male,102.214.83.169
817,Shirley,Chavez,schavezmo@independent.co.uk,Female,130.197.23.72
818,Justin,Perez,jperezmp@economist.com,Male,252.159.247.193
819,Michelle,Harris,mharrismq@who.int,Female,51.145.231.203
820,Jesse,Stanley,jstanleymr@delicious.com,Male,42.130.24.207
821,Deborah,Nelson,dnelsonms@xrea.com,Female,170.182.56.15
822,Kelly,Lee,kleemt@nih.gov,Female,217.127.32.46
823,Robin,King,rkingmu@qq.com,Female,81.117.241.126
824,Emily,Wallace,ewallacemv@opensource.org,Female,158.237.181.27
825,Helen,Spencer,hspencermw@list-manage.com,Female,254.98.211.115
826,Peter,Harvey,pharveymx@desdev.cn,Male,165.52.171.151
827,Robin,Henry,rhenrymy@canalblog.com,Female,166.208.222.251
828,Paula,Young,pyoungmz@mayoclinic.com,Female,152.139.104.121
829,Anne,Knight,aknightn0@forbes.com,Female,175.207.213.59
830,Rachel,Price,rpricen1@oakley.com,Female,142.166.135.39
831,Kenneth,Berry,kberryn2@blog.com,Male,153.136.197.228
832,Patrick,Perkins,pperkinsn3@examiner.com,Male,110.21.134.163
833,Arthur,Clark,aclarkn4@arizona.edu,Male,25.55.171.44
834,Bruce,Jacobs,bjacobsn5@myspace.com,Male,92.6.212.175
835,Robin,Collins,rcollinsn6@pagesperso-orange.fr,Female,180.88.27.205
836,Barbara,Powell,bpowelln7@rambler.ru,Female,70.142.231.92
837,Steven,Reed,sreedn8@harvard.edu,Male,69.45.172.145
838,Patricia,Graham,pgrahamn9@usa.gov,Female,43.193.131.182
839,Henry,Fowler,hfowlerna@eepurl.com,Male,143.242.151.156
840,Michelle,Robinson,mrobinsonnb@wix.com,Female,150.79.231.104
841,Victor,Dunn,vdunnnc@irs.gov,Male,212.191.24.117
842,Judith,Mitchell,jmitchellnd@ezinearticles.com,Female,137.153.145.242
843,Bonnie,Knight,bknightne@utexas.edu,Female,224.127.12.15
844,Kathleen,Brown,kbrownnf@tamu.edu,Female,239.185.70.67
845,Jonathan,Peterson,jpetersonng@aboutads.info,Male,228.212.110.177
846,Earl,Coleman,ecolemannh@pcworld.com,Male,29.110.44.2
847,Albert,Payne,apayneni@microsoft.com,Male,213.42.157.254
848,Mark,Bowman,mbowmannj@purevolume.com,Male,129.0.144.61
849,Joyce,Henry,jhenrynk@wordpress.com,Female,105.66.61.186
850,Carol,Payne,cpaynenl@admin.ch,Female,18.26.205.10
851,Nancy,Banks,nbanksnm@naver.com,Female,69.15.111.210
852,Patrick,Porter,pporternn@1688.com,Male,231.106.68.96
853,Emily,Snyder,esnyderno@instagram.com,Female,156.87.187.151
854,Timothy,Long,tlongnp@weather.com,Male,20.186.54.55
855,Margaret,Ruiz,mruiznq@earthlink.net,Female,159.74.36.198
856,Andrea,Jenkins,ajenkinsnr@comsenz.com,Female,10.164.30.15
857,John,Payne,jpaynens@icio.us,Male,210.20.93.36
858,Christina,Jenkins,cjenkinsnt@moonfruit.com,Female,215.153.236.92
859,George,Adams,gadamsnu@nasa.gov,Male,60.205.55.101
860,Peter,Banks,pbanksnv@imageshack.us,Male,244.1.250.224
861,Kathryn,Knight,kknightnw@cafepress.com,Female,25.60.230.7
862,Earl,Harvey,eharveynx@about.me,Male,138.137.218.144
863,Shirley,Crawford,scrawfordny@google.com.au,Female,222.10.50.244
864,Elizabeth,Matthews,ematthewsnz@ask.com,Female,127.123.2.165
865,Dorothy,Barnes,dbarneso0@gmpg.org,Female,18.178.223.193
866,William,Hunter,whuntero1@sbwire.com,Male,13.28.58.1
867,Jessica,Elliott,jelliotto2@live.com,Female,93.49.204.244
868,Kathy,Campbell,kcampbello3@icio.us,Female,105.71.14.248
869,Laura,Russell,lrussello4@newyorker.com,Female,52.187.160.72
870,Patricia,Richardson,prichardsono5@cpanel.net,Female,48.205.234.7
871,Catherine,Warren,cwarreno6@admin.ch,Female,78.165.124.247
872,Nicholas,Bishop,nbishopo7@statcounter.com,Male,245.18.87.36
873,Bruce,Peters,bpeterso8@ox.ac.uk,Male,164.59.61.118
874,Irene,Holmes,iholmeso9@eepurl.com,Female,148.162.4.48
875,Scott,Webb,swebboa@wordpress.com,Male,204.111.138.200
876,Jacqueline,Russell,jrussellob@histats.com,Female,107.59.2.69
877,Virginia,West,vwestoc@exblog.jp,Female,85.14.235.39
878,Ruby,Foster,rfosterod@cbc.ca,Female,138.158.145.46
879,Catherine,Parker,cparkeroe@youtu.be,Female,49.201.23.79
880,Edward,Lane,elaneof@about.me,Male,0.63.37.95
881,Frances,Garcia,fgarciaog@japanpost.jp,Female,213.204.102.165
882,Antonio,Mccoy,amccoyoh@paginegialle.it,Male,229.141.15.189
883,Theresa,Knight,tknightoi@wiley.com,Female,24.181.74.248
884,Jonathan,Fernandez,jfernandezoj@upenn.edu,Male,255.83.157.112
885,Phyllis,Simpson,psimpsonok@marriott.com,Female,253.140.180.98
886,Jeremy,Fox,jfoxol@chicagotribune.com,Male,103.168.122.237
887,Rebecca,Williamson,rwilliamsonom@macromedia.com,Female,49.43.61.95
888,Thomas,Morales,tmoraleson@discuz.net,Male,80.26.213.59
889,Jennifer,Moore,jmooreoo@reference.com,Female,216.39.185.214
890,Earl,Hunt,ehuntop@rakuten.co.jp,Male,200.122.113.164
891,Jeffrey,Shaw,jshawoq@nationalgeographic.com,Male,12.68.249.145
892,Cheryl,Gonzalez,cgonzalezor@wordpress.com,Female,235.153.86.208
893,Mark,James,mjamesos@ebay.com,Male,175.78.246.117
894,William,Hamilton,whamiltonot@hp.com,Male,25.191.142.223
895,Gary,Washington,gwashingtonou@thetimes.co.uk,Male,249.199.236.133
896,Lawrence,Wheeler,lwheelerov@rambler.ru,Male,86.181.216.185
897,Steven,Young,syoungow@vinaora.com,Male,161.128.213.64
898,Mary,Romero,mromeroox@paginegialle.it,Female,50.163.69.63
899,Susan,Porter,sporteroy@wikimedia.org,Female,104.171.104.31
900,Martin,Berry,mberryoz@indiegogo.com,Male,84.252.175.240
901,Mildred,Pierce,mpiercep0@walmart.com,Female,135.15.108.21
902,Maria,Peterson,mpetersonp1@samsung.com,Female,124.203.43.30
903,Edward,Hall,ehallp2@wunderground.com,Male,141.148.130.81
904,Kathryn,Riley,krileyp3@jalbum.net,Female,136.201.158.229
905,Justin,Day,jdayp4@taobao.com,Male,100.30.245.242
906,Debra,Daniels,ddanielsp5@china.com.cn,Female,71.37.7.240
907,Maria,Robinson,mrobinsonp6@illinois.edu,Female,54.176.159.163
908,Linda,Bennett,lbennettp7@goo.gl,Female,18.5.21.239
909,Scott,Hawkins,shawkinsp8@hud.gov,Male,28.187.148.114
910,Wanda,Long,wlongp9@baidu.com,Female,1.198.138.144
911,Nicole,Kelley,nkelleypa@delicious.com,Female,210.104.242.235
912,Martha,Allen,mallenpb@pinterest.com,Female,11.4.141.118
913,Nicole,Gardner,ngardnerpc@linkedin.com,Female,65.88.25.107
914,Sandra,Stewart,sstewartpd@cocolog-nifty.com,Female,127.178.196.244
915,Jane,Kelley,jkelleype@comsenz.com,Female,47.115.62.80
916,Sara,Welch,swelchpf@umn.edu,Female,57.41.175.174
917,Nicholas,Phillips,nphillipspg@ebay.com,Male,148.111.179.108
918,Kevin,Ramirez,kramirezph@hc360.com,Male,157.133.200.180
919,Steve,Welch,swelchpi@census.gov,Male,24.135.75.119
920,Stephanie,Kim,skimpj@quantcast.com,Female,122.195.0.6
921,Samuel,Gutierrez,sgutierrezpk@reverbnation.com,Male,163.20.53.107
922,Brian,Grant,bgrantpl@boston.com,Male,108.74.17.215
923,Fred,Perry,fperrypm@japanpost.jp,Male,212.116.172.106
924,Scott,Ramos,sramospn@slashdot.org,Male,212.1.76.246
925,Craig,Gonzales,cgonzalespo@bloomberg.com,Male,5.115.134.87
926,Jerry,Sanders,jsanderspp@360.cn,Male,231.243.62.65
927,Amy,Warren,awarrenpq@newyorker.com,Female,7.119.154.143
928,David,Grant,dgrantpr@ameblo.jp,Male,168.220.137.4
929,Chris,Hansen,chansenps@multiply.com,Male,112.108.75.163
930,Arthur,Elliott,aelliottpt@vinaora.com,Male,129.189.6.78
931,Fred,Hall,fhallpu@networksolutions.com,Male,53.99.18.195
932,Kelly,Cruz,kcruzpv@squidoo.com,Female,138.65.208.28
933,Patrick,Bailey,pbaileypw@about.com,Male,100.76.146.28
934,Jean,Reyes,jreyespx@e-recht24.de,Female,185.125.32.139
935,Paul,Willis,pwillispy@tumblr.com,Male,192.188.14.205
936,Paul,Cooper,pcooperpz@china.com.cn,Male,149.106.193.189
937,Frances,Banks,fbanksq0@cpanel.net,Female,111.34.147.120
938,Paula,Palmer,ppalmerq1@discovery.com,Female,60.246.77.224
939,Ruby,Thompson,rthompsonq2@gizmodo.com,Female,63.144.121.75
940,Matthew,Smith,msmithq3@paginegialle.it,Male,58.84.144.104
941,Peter,Garcia,pgarciaq4@gnu.org,Male,236.181.79.20
942,Donald,Morrison,dmorrisonq5@istockphoto.com,Male,4.43.84.210
943,Irene,Webb,iwebbq6@utexas.edu,Female,28.21.198.244
944,Jacqueline,Thompson,jthompsonq7@jimdo.com,Female,115.212.116.182
945,Kathryn,Collins,kcollinsq8@webmd.com,Female,222.166.225.4
946,Frank,Patterson,fpattersonq9@jiathis.com,Male,42.165.68.80
947,Gregory,Cooper,gcooperqa@taobao.com,Male,229.210.143.80
948,Catherine,Diaz,cdiazqb@unicef.org,Female,61.245.126.243
949,Jimmy,Hayes,jhayesqc@imageshack.us,Male,92.25.86.70
950,Amanda,Sullivan,asullivanqd@upenn.edu,Female,184.221.13.176
951,Martha,Thomas,mthomasqe@myspace.com,Female,160.173.161.30
952,Mildred,Stevens,mstevensqf@bizjournals.com,Female,5.53.21.82
953,Joe,Wheeler,jwheelerqg@domainmarket.com,Male,82.179.132.173
954,Victor,Sullivan,vsullivanqh@columbia.edu,Male,158.196.2.107
955,Rose,Ferguson,rfergusonqi@who.int,Female,41.211.150.106
956,Clarence,Hanson,chansonqj@parallels.com,Male,248.34.97.61
957,Chris,Wells,cwellsqk@weibo.com,Male,174.63.146.128
958,Thomas,Olson,tolsonql@yellowbook.com,Male,128.148.155.102
959,Helen,Diaz,hdiazqm@cargocollective.com,Female,189.10.161.219
960,Judy,Mitchell,jmitchellqn@army.mil,Female,161.95.117.88
961,Ruby,Ferguson,rfergusonqo@springer.com,Female,230.188.173.238
962,Amy,Perez,aperezqp@usatoday.com,Female,237.41.228.184
963,Tammy,Bryant,tbryantqq@facebook.com,Female,10.253.38.113
964,Jeremy,Bishop,jbishopqr@census.gov,Male,83.234.137.125
965,Judy,Jones,jjonesqs@scientificamerican.com,Female,123.210.50.173
966,Theresa,Perez,tperezqt@blogspot.com,Female,197.243.37.107
967,Marie,Lee,mleequ@people.com.cn,Female,227.30.153.162
968,Rebecca,Robertson,rrobertsonqv@ucsd.edu,Female,183.214.112.122
969,Jason,Hughes,jhughesqw@e-recht24.de,Male,212.129.82.223
970,Mark,Rose,mroseqx@shareasale.com,Male,0.184.223.252
971,Gloria,Patterson,gpattersonqy@dmoz.org,Female,98.84.178.57
972,Shirley,Long,slongqz@example.com,Female,8.14.202.143
973,Diana,Webb,dwebbr0@ca.gov,Female,22.185.244.132
974,Juan,Carr,jcarrr1@utexas.edu,Male,43.25.123.134
975,Lillian,Holmes,lholmesr2@alibaba.com,Female,109.234.71.185
976,Judy,Williams,jwilliamsr3@ezinearticles.com,Female,189.30.141.221
977,Lisa,Mills,lmillsr4@mozilla.org,Female,143.134.80.140
978,Benjamin,Payne,bpayner5@360.cn,Male,92.208.112.227
979,Louise,Lane,llaner6@pen.io,Female,231.137.123.38
980,Sean,Ellis,sellisr7@paypal.com,Male,127.195.77.16
981,Tina,Johnston,tjohnstonr8@naver.com,Female,71.105.0.251
982,Christopher,Mason,cmasonr9@cafepress.com,Male,56.90.91.22
983,Donna,Romero,dromerora@nymag.com,Female,2.149.109.13
984,Pamela,Harper,pharperrb@answers.com,Female,80.88.137.138
985,James,Larson,jlarsonrc@kickstarter.com,Male,7.13.233.174
986,Keith,Morris,kmorrisrd@edublogs.org,Male,35.229.94.243
987,Andrea,Ferguson,afergusonre@altervista.org,Female,17.163.168.7
988,Peter,Gibson,pgibsonrf@altervista.org,Male,51.218.226.156
989,Bobby,Wells,bwellsrg@4shared.com,Male,250.138.9.43
990,Dorothy,Hall,dhallrh@unblog.fr,Female,235.203.159.55
991,Juan,Hall,jhallri@fastcompany.com,Male,133.205.94.135
992,Russell,Wilson,rwilsonrj@diigo.com,Male,71.169.190.224
993,Ann,Baker,abakerrk@howstuffworks.com,Female,32.93.243.29
994,Randy,Pierce,rpiercerl@blogtalkradio.com,Male,236.1.34.158
995,Ronald,Phillips,rphillipsrm@answers.com,Male,5.1.151.205
996,Margaret,Gomez,mgomezrn@bloomberg.com,Female,208.207.14.219
997,Nancy,Baker,nbakerro@epa.gov,Female,233.44.205.190
998,Lillian,Gonzales,lgonzalesrp@4shared.com,Female,70.197.55.163
999,Bonnie,Elliott,belliottrq@wired.com,Female,34.210.92.147
1000,Joan,Perry,jperryrr@columbia.edu,Female,216.121.97.136